tier,name,url,figure,acronym,date_joined,founding_member,contact,background,
Basic,Open OnDemand,https://openondemand.org/,logo-open-ondemand.png,OOO,4/10/2025,TRUE,Alan Chalker <alanc@osc.edu>,,
Standard,Center for Research Computing - University of Notre Dame,https://crc.nd.edu/,logo-crc-notre.png,CRC,10/10/2024,TRUE,,,
Standard,Rosen Center for Advanced Computing - Purdue,https://www.rcac.purdue.edu/,logo-rcac-purdue.png,RCAC,10/28/2024,TRUE,,"rgba(0, 0, 0, 0.7)",
Standard,NSF National Center for Atmospheric Research,https://ncar.ucar.edu/,logo-ncar.png,NCAR,11/5/2024,TRUE,,,
Standard,Pasteur ISI,https://pasteurlabs.ai/,logo-pasteur.png,,11/7/2024,TRUE,,,
Standard,Research Technologies - Indiana University,https://uits.iu.edu/about/org-structure/,logo-uits-indiana.png,UITS,11/7/2024,TRUE,,,
Standard,Globus - A UChicago non-profit service,https://globus.org,logo-globus.png,,1/5/2025,TRUE,,,
Standard,Academic Data Science Alliance,https://academicdatascience.org/,logo-adsa.png,ADSA,3/10/2025,TRUE,Micaela Parker <micaela@academicdatascience.org>,,
Standard,Research Software Alliance,https://www.researchsoft.org/,logo-resa.png,ReSA,3/13/2025,TRUE,Michelle Barker <barkermd@outlook.com>,,
Standard,Omnibond (Project EUREKA!),https://omnibond.com/,logo-omnibond.png,,3/29/2025,TRUE,Boyd Wilson <boyd@omnibond.com>,,
Premier,University of Illinois Urbana-Champaign,https://illinois.edu/,logo-uiuc.png,UIUC,11/22/2024,TRUE,,,
Premier,Lawrence Berkeley National Laboratory,https://lbl.gov,logo-lbl.png,LBL,12/19/2024,TRUE,,,
Premier,Princeton University,https://researchcomputing.princeton.edu/,logo-princeton.png,,4/18/2025,TRUE,Ian Cosden <icosden@princeton.edu>,,
Premier,Sandia National Laboratories,https://www.sandia.gov/,logo-sandia.svg,,4/24/2025,TRUE,Miranda Mundt <mmundt@sandia.gov>,,
Premier,NumFOCUS,https://numfocus.org/,logo-numfocus.png,,5/1/2025,TRUE,Jim Weiss <jim@numfocus.org>,,
Standard,,https://example.org/,logo-example.png,,1/1/2025,TRUE,,,
Gold,Example Gold Member,https://example.org/,logo-example.png,EGM,1/1/2025,TRUE,,,
Standard,Example Bad Date Member,https://example.org/,logo-example.png,EBD,13/40/2025,TRUE,,,
Standard,NumFOCUS,https://numfocus.org/,logo-numfocus.png,,5/1/2025,TRUE,,,
Inactive,Example Former Member,https://example.org/,logo-example.png,EFM,1/1/2025,TRUE,,,
Standard,Example No Logo Member,https://example.org/,,ENL,1/1/2025,TRUE,,,
